record_id,decision,tag,notes,features,curator,timestamp
0a66c1efcccfb4631e13e61687c1e7d5a085ee55,skipped,,,,Gavin,2026-08-02T01:19:25.066129+00:00
e4bc5c29260a3102a3c8381dfa0a71fce6219c37,positive,,,,Gavin,2026-08-03T12:13:54.941837+00:00
db22e7860df0522ee69272f37f4d6fb2b5bed7bc,negative,,,,Gavin,2026-08-03T12:13:56.986917+00:00
d36b840139e1528b2984e85b382e05b7493084ad,positive,,,,Gavin,2026-08-07T12:06:23.810148+00:00
e34919221a3d664ce0f886d01c759263c3fae36f,positive,,,,Gavin,2026-08-07T12:06:49.402493+00:00
ab20c654a541ec459a0266de6b46870191323001,positive,,,,Gavin,2026-08-07T12:09:51.974964+00:00
bb60a1fd94b9dabf2c599713b986090d9f02387b,positive,,,,Gavin,2026-08-07T12:13:12.531359+00:00
f332b9ee5208194ed96a3fc7db92b004e3a0bc37,positive,,,,Gavin,2026-08-07T12:15:03.431775+00:00
8670b2eeca455102147bbe4d830205b792e5c939,positive,,,,Gavin,2026-08-07T12:16:45.105431+00:00
1e692bb8b4bffb8428bd6aaec4ab92cd6244cdd5,positive,,,,Gavin,2026-08-07T12:17:51.564038+00:00
a5a876e16f0b6c2c5cddbc5dca1705ab2dcf0217,positive,,,,Gavin,2026-08-07T12:18:14.576116+00:00
983c93ea3129c1355211bf85c35087fb381bbdb1,positive,,,,Gavin,2026-08-07T12:18:34.358789+00:00
dac6b9bb88871eec2354b1c8a6c8d0f882175a21,positive,,,,Gavin,2026-08-07T12:19:22.359998+00:00
06e24560019a0e593b93f093b77a2981a0457bdf,positive,,,,Gavin,2026-08-07T12:19:57.697661+00:00
cd313e132becbe0101503ce6470a738f9e807ace,positive,,,,Gavin,2026-08-07T12:24:08.397049+00:00
337920a26865083698b389ab88a905d510c6fe78,positive,,,,Gavin,2026-08-07T12:24:24.392864+00:00
2e2078abeb7dd42e385696fbe79bec3b1f6f8622,positive,,,,Gavin,2026-08-07T12:24:53.306401+00:00
d1cfe24d81c6b8d1fa7273b28ea43fe687020abf,positive,,,,Gavin,2026-08-07T12:25:13.555617+00:00
5f4cb45a6f0ebe4a57324754da9f78c417f0caf6,positive,,,,Gavin,2026-08-07T12:25:30.947118+00:00
c6ce0cfa4a46a1080f0b3ee96bf2ec35b320a110,positive,,,,Gavin,2026-08-07T12:25:49.272694+00:00
993b9638a58e4dbc34e90d19f6c50cb171c8c4c9,positive,,,,Gavin,2026-08-07T12:26:12.671181+00:00
092608de5ac54a8c8ac7e9a41ac376b68a4dc04a,positive,,,,Gavin,2026-08-07T12:27:16.149419+00:00
dd6f9f51388f4da405c09f899e9f9c60b4ca6d97,positive,,,,Gavin,2026-08-07T12:27:57.022943+00:00
d347d9daa2ff6d8b7512036c4d975569af717a82,positive,,,,Gavin,2026-08-07T12:28:43.932968+00:00
342b6ae98723c97b473d9d864bee1ba9bb866c7a,positive,,,,Gavin,2026-08-07T12:29:20.535825+00:00
d8a38b381017eb5d3160b0b5336bdc2297a1ff00,positive,,,,Gavin,2026-08-07T12:29:48.684344+00:00
6ace5828844d13353fd8f6a73055567f7caa19e6,positive,,,,Gavin,2026-08-07T12:30:00.682187+00:00
ab55c6dca24cf209fa9707440afae36a67d8d778,positive,,,,Gavin,2026-08-07T12:35:39.258822+00:00
41613ec8f8ec4027c48d296cb3d7cfd28be220d4,positive,,,,Gavin,2026-08-07T12:37:10.674411+00:00
35e60142973750d255d0423fe5b0a0e475f4b403,positive,,,,Gavin,2026-08-07T12:37:20.743877+00:00
ceef281d348f7f723346578733e150104bb94d79,positive,,,,Gavin,2026-08-07T13:40:56.897668+00:00
f8a213daa084f4cde264e122e6d37e9f5505c6d3,positive,,,,Gavin,2026-08-07T13:41:04.799644+00:00
0f4928426742d6ed8ad1e46b568c99bff849fa4a,positive,,,,Gavin,2026-08-07T13:41:33.933800+00:00
f6d9ec6d1316152e240c70d548b8c20149c8af65,positive,,,,Gavin,2026-08-07T13:41:41.824916+00:00
e15a2302d02fc6e85b2f77e95bece66e94bf4b42,positive,,,,Gavin,2026-08-07T13:42:57.074158+00:00
b9d2955aea0c9fb4208f4772391e803314999b0d,positive,,,,Gavin,2026-08-07T14:34:04.872265+00:00
1391a6a4a12b851a4bdc0616a97844441f31b0bc,positive,,,,Gavin,2026-08-07T14:34:15.356874+00:00
fa013df3c29ecf45fe12e0254435578cd39decf6,positive,,,,Gavin,2026-08-07T14:34:30.277902+00:00
508fd518fd4a39f4ba6ca57facae5be6823d3e75,positive,,,,Gavin,2026-08-07T14:34:53.108909+00:00
9a61abe28afb4fe84108379d07251ebe91fa5aee,positive,,,,Gavin,2026-08-07T14:35:05.209463+00:00
d261228717fd821ccc0e96565ec73cba5f511cb7,positive,,,,Gavin,2026-08-07T14:35:54.211186+00:00
d0d6844d2221cab11693a939be3da36ebb56cdbd,positive,,,,Gavin,2026-08-07T14:36:11.141190+00:00
529550d92f2e8de310d6fd87b241c319ecdc7a97,positive,,,,Gavin,2026-08-07T14:36:20.853775+00:00
89c33b584679193ca7b642c6c7c2667188a1b708,positive,,,,Gavin,2026-08-07T14:36:43.248184+00:00
af7dba7a784e4899083746fc659ae97956da6d4b,positive,,,,Gavin,2026-08-07T14:37:24.439296+00:00
ed041b4af8a010d37f426f2d1b3dcdc390e91012,positive,,,,Gavin,2026-08-07T14:38:40.313948+00:00
670c0b99e226b815aba6a494388cbc9b91253b8a,positive,,,,Gavin,2026-08-07T14:38:55.569325+00:00
7df6ec94ad288bba016f2e19b2e97a0403925538,positive,,,,Gavin,2026-08-07T14:39:03.355210+00:00
a534ee613b9be5027a8827d7645f5c2d0d4c1f9a,positive,,,,Gavin,2026-08-07T14:39:08.597558+00:00
53df67d698d328f842ff2f4738df7d4b7ea9d05f,positive,,,,Gavin,2026-08-07T14:39:38.620437+00:00
e4bc315c60861ee90aaeb5b604d6f8a54f4c8929,positive,,,,Gavin,2026-08-07T14:40:15.750354+00:00
fc066771345b2e712072350a55ce828cabf62537,positive,,,,Gavin,2026-08-07T14:40:32.780204+00:00
cc8aab0afc63a140e242db1c7998ffedf4c89ea6,positive,,,,Gavin,2026-08-07T14:40:40.886301+00:00
17cd59539fa751e4e59f803d2d71423c33014977,positive,,,,Gavin,2026-08-07T14:40:50.278676+00:00
81cf066ed17f8d8ece02c6216bbe29422213b825,positive,,,,Gavin,2026-08-07T14:41:03.852886+00:00
97136b37298ff71ac8a3a200c82f8a13ba45903e,positive,,,,Gavin,2026-08-07T14:42:00.335011+00:00
8b909e4518bb747adf5b9b8bf5fb0d12ede2b42a,positive,,,,Gavin,2026-08-07T14:42:26.028705+00:00
6c1f185aab6016dfcdfcb938f5b03c9dee7e6d54,positive,,,,Gavin,2026-08-07T14:42:33.918062+00:00
d813deace5cf971410066ebeeb5152de4214d894,positive,,,,Gavin,2026-08-07T14:47:28.923513+00:00
5105070ee1674b6be5acbb0fd555e5a911710301,positive,,,,Gavin,2026-08-07T14:47:40.835094+00:00
85e3f94dbc9203f90bfeb9805aedfb214fc8c419,positive,,,,Gavin,2026-08-07T14:48:30.311082+00:00
5fcfa4c6ff7a24e799439fa1fd52eacf49bbe826,positive,,,,Gavin,2026-08-07T14:50:00.191280+00:00
c42192e7293e65c3b096a4216bb9dd65d929d06a,positive,,,,Gavin,2026-08-07T14:50:12.684117+00:00
5c267fedb92588634a0550692fb4132f3c7b08bf,positive,,,,Gavin,2026-08-07T14:50:54.688111+00:00
1fd0f944ad7742bb946fb18db84b365eaa35315e,positive,,,,Gavin,2026-08-07T14:51:34.146055+00:00
9746f96ac2b5393532267b44e3c4c868348f85db,positive,,,,Gavin,2026-08-07T14:51:59.016337+00:00
eaab1700c1a636383dd10f55ccef040f43a67528,positive,,Markov model stats but vs ML modelsp,,Gavin,2026-08-07T14:53:08.570265+00:00
22d828347bdf6c553521c06193a0ef511c03f607,positive,,,,Gavin,2026-08-07T14:53:18.573677+00:00
1b0d47468c70a3eb396bd1ce41aaff1ba0ffc035,positive,,,,Gavin,2026-08-07T14:53:37.069026+00:00
961ee0af97eebe962d566919722feb46d360375e,positive,,,,Gavin,2026-08-07T14:54:05.887416+00:00
b9ddf71687f17599de593260eed3477460d850af,positive,,,,Gavin,2026-08-07T14:54:22.329014+00:00
42339bc40b9be32d595719848380bd0754d59a7f,positive,,,,Gavin,2026-08-07T14:54:56.900414+00:00
c974da1aeb12c37ae02fe7c2d24421530f65acc3,positive,,,,Gavin,2026-08-07T14:55:28.416332+00:00
f2e44aeb4efe7ec48072df6a16817d0429a3aa29,negative,,No machine learning methods. rPAM & PAM - year 2019.,,Gavin,2026-08-07T15:01:16.312964+00:00
f2e44aeb4efe7ec48072df6a16817d0429a3aa29,negative,,No clear ai or ml methods - likley statistical predictive models intended,"{""close_negative_reason"": ""other""}",Gavin,2026-08-07T15:02:15.940594+00:00
be26ac0e22fbb0a903d062932cdcc1316bd63201,positive,,,,Gavin,2026-08-07T15:03:56.789066+00:00
8006b8281b6b71e00ae8c0b1866b594fc4d25680,undeterminable,,,,Gavin,2026-08-07T15:04:59.017873+00:00
b1da6093edb3e13da1bff0652640f1351069e315,positive,,,,Gavin,2026-08-07T16:39:48.874329+00:00
bcebb2f9131002cb60449d0c17a9658d05ea4013,positive,,,,Gavin,2026-08-07T16:41:04.217699+00:00
ec6be9dd1c79c58453fb4bcd3c3b5c47544c08db,skipped,,,,Gavin,2026-08-07T16:42:07.354276+00:00
bbe6d141d5c939e37fa17b12355588df0a3c99ea,positive,,,,Gavin,2026-08-07T16:42:23.184465+00:00
d562c24485c59c45b0aa708b0f29e62392a707f7,positive,,,,Gavin,2026-08-07T16:43:07.259202+00:00
b0fc2bd0142bb892d52c0f19e7e7c8a9cebcdae0,positive,,,,Gavin,2026-08-07T16:44:24.448112+00:00
b239c6dffaa0040343909a974a13947e696eaeaa,positive,,,,Gavin,2026-08-07T16:44:53.666102+00:00
f5357be493004556a45ffa42562a1c8967d6e5c6,positive,,,,Gavin,2026-08-07T16:45:58.907251+00:00
56de206932102d2864b0d372d8414a4bc875dce4,positive,,,,Gavin,2026-08-07T16:46:13.589289+00:00
d1690a180105ce72c58ff11d7add9d4547e6ff3a,positive,,,,Gavin,2026-08-07T16:46:46.625760+00:00
ace83fb7187e52d27e0c4f9c883b122af2545229,positive,,,,Gavin,2026-08-07T16:46:56.816816+00:00
160f5ba3e434a91a7c12c1460e2841c41ac2629d,positive,,,,Gavin,2026-08-07T16:47:12.335931+00:00
aab69a9ccb8b7cb1605dda261d669e367c874a94,positive,,,,Gavin,2026-08-07T16:47:44.445236+00:00
e092d8aa95f3d8d2930fe2f41e42aa4804cbf6ac,positive,,,,Gavin,2026-08-07T16:48:03.636543+00:00
08c3137a0424883a605048e02f80cb9c53806532,positive,,,,Gavin,2026-08-07T16:48:35.700361+00:00
5db7c2a1e9c7b6a3e25c0d1c75f1013597127808,positive,,,,Gavin,2026-08-07T16:49:48.842501+00:00
bf6b61dd4084fb7d3887c0d09623e602a4b937e7,positive,,,,Gavin,2026-08-07T16:50:13.341543+00:00
68e41dcb09f34a67628a72785761686e42ed797f,positive,,,,Gavin,2026-08-07T16:50:31.836690+00:00
d6c9998943eb8e5b804b8efc8ba28e17fc00b014,positive,,,,Gavin,2026-08-07T16:52:48.843139+00:00
072796c87093491102283d13e157ca4cd34f6434,positive,,1,,Gavin,2026-08-07T16:54:46.901666+00:00
27c31ea92ecb3ebe49b6ad501bd261c7fdf93d35,negative,,'systematic review' but also a meta-analysis;  putting negative as not really novel or curatable ,"{""close_negative_reason"": ""other""}",Gavin,2026-08-07T16:58:37.234944+00:00
358ae26035b497b1a7469d7c8fc19e7a2d627071,positive,,,,Gavin,2026-08-07T16:58:49.504051+00:00
9e14bc12258000306f6a94bbac0119a45366ddd8,positive,,,,Gavin,2026-08-07T16:59:20.825358+00:00
3e1c534311acff986c3580c10e37ad779dd07fef,negative,,No real methods - meta review,"{""close_negative_reason"": ""review-mentions-ml-only""}",Gavin,2026-08-07T17:00:22.412746+00:00
b9ce8c8272e92afcae5ead8b190902b63144351a,positive,,,,Gavin,2026-08-07T17:00:49.846146+00:00
ecdeddc8eb6a013addd3052c5e683b14fbc374c7,positive,,,,Gavin,2026-08-07T17:01:45.082651+00:00
2aaff84a3b636ece189e18fc88ea13bbf32db438,positive,,,,Gavin,2026-08-07T17:03:01.607461+00:00
b8918d832156ce866eafa654d5e02ec2eb218aba,positive,,,,Gavin,2026-08-07T17:04:16.026147+00:00
5b17cf96c4281164cdb815c95b17d779cc74fd2e,positive,,,,Gavin,2026-08-07T17:04:52.434860+00:00
1a93f1310d3681e84b593d9c5bb4b406acf25148,positive,,,,Gavin,2026-08-07T17:06:41.974740+00:00
a24439869f23d514754fbbd24c8f520ff7fdbb89,positive,,,,Gavin,2026-08-07T17:07:13.653327+00:00
f32e9b255d7658b992c262e8836ae842660dc6e8,positive,,,,Gavin,2026-08-07T17:08:38.993336+00:00
094d9952074e84414dafb09e8fd07d7e35073f61,positive,,,,Gavin,2026-08-07T17:10:28.646990+00:00
c99131dd9c8209f55c8755f9c09096e9a3ee0ef1,positive,,,,Gavin,2026-08-07T17:11:32.081633+00:00
9240df76b5ddf327b692558e3d90e2a8e4129972,positive,,,,Gavin,2026-08-07T18:09:18.513225+00:00
6d854c89f2a83a1efca77bc7642d87e105fdd1d9,positive,,,,Gavin,2026-08-07T18:10:00.340302+00:00
70bace45c2449a87f93f79a6f83aebe159ebca51,positive,,,,Gavin,2026-08-07T18:10:35.688817+00:00
862a59419613cb467a48a5f3480dbf321ca52a53,positive,,,,Gavin,2026-08-07T18:10:50.094689+00:00
300d3a22ff96918ca1b85d376a7184fbd58654f9,positive,,,,Gavin,2026-08-07T18:10:57.679634+00:00
204d472db6f77681dfeebd0f9e5ed2132c95361e,negative,,Systematic review,"{""close_negative_reason"": ""other""}",Gavin,2026-08-07T18:12:08.619614+00:00
30dd4cf8b2c10e73be6b2eddfb8a888e0681602a,positive,,,,Gavin,2026-08-07T18:12:31.355351+00:00
3bb42114b7eeab96d0e7d2bcc866c536d67a47c1,positive,,,,Gavin,2026-08-07T18:13:32.791132+00:00
9602f3b5ad6a6bb09f03d08dae0daf2e6d740f32,positive,,,,Gavin,2026-08-07T18:13:58.601608+00:00
18b5ac4536b58effa081e3fec10022d54b734ea0,positive,,,,Gavin,2026-08-07T18:16:06.707216+00:00
340fc0595e09ce3d35cf229b79dd384dfb987574,positive,,,,Gavin,2026-08-07T18:16:17.797011+00:00
04e4e4cd5974298f022074984447f8debc6df01e,positive,,,,Gavin,2026-08-07T18:18:10.926187+00:00
566faeb99e5445176113b5cf3d9d32a70e86f9f2,positive,,,,Gavin,2026-08-07T18:18:39.792145+00:00
6f64803247443d9ffc52ad2af02cb6d8aa97744e,positive,,,,Gavin,2026-08-07T18:18:59.612943+00:00
01ea21d0dcd24a988307b97e62c85690924b53c7,positive,,,,Gavin,2026-08-07T18:19:43.813233+00:00
7c71b680ddffdf87e08675e8a78fe0d562b50abd,positive,,,,Gavin,2026-08-07T18:20:20.318477+00:00
b42861b97beb3d69ebc10440988781ebdd2ca2c7,positive,,,,Gavin,2026-08-07T18:21:11.538338+00:00
ddc7ecadb38d804be8d9478f81440d3f4b3c1380,positive,,,,Gavin,2026-08-07T18:24:30.423784+00:00
9d70c20dbc8d77f216898bd374a32ab82c1da0c6,positive,,,,Gavin,2026-08-07T18:25:14.663958+00:00
c4c0b2891199b2b7f0a0e06611f520e1e91af6c7,positive,,,,Gavin,2026-08-07T18:27:49.812506+00:00
d166c9b9ecb2c2e6c5c24bd9b4af7bd3755183b9,positive,,,,Gavin,2026-08-07T18:28:13.099907+00:00
f27853de2c8719afde61f87ce9bf6178d882b452,positive,,,,Gavin,2026-08-07T18:29:41.281796+00:00
cfafcde67e6b8621f0cf27f06429814eaf1f3b29,positive,,,,Gavin,2026-08-07T18:29:59.703952+00:00
26032f3848eed4beb12c2496ada3f602d9b8d900,positive,,,,Gavin,2026-08-07T18:30:13.103396+00:00
4676c160494fdcc81c69163f3e4d40f58f2428cb,positive,,,,Gavin,2026-08-07T18:31:12.689259+00:00
849d9b801fc9753aa6506bcf031469cf6cd1f848,positive,,,,Gavin,2026-08-07T18:31:27.534018+00:00
262f590261cf1eb081acf8875d721d9311e6add3,positive,,,,Gavin,2026-08-07T18:32:44.641078+00:00
91c6b6745fd09908330b6698cb83f79c6c94c360,positive,,,,Gavin,2026-08-07T18:33:38.871505+00:00
008ec640ead726f4bc34a44cefebf0f683ae6e53,positive,,,,Gavin,2026-08-07T18:33:56.614029+00:00
6b64f8249d53323c291a1c8dd64df9e56d39cbc8,positive,,,,Gavin,2026-08-07T18:35:12.999912+00:00
320008d62a05de519d444aea5ff405fe04066337,positive,,,,Gavin,2026-08-07T18:37:26.302709+00:00
430890ead8d729d87f008a1a1e1f02291c1ec94d,positive,,,,Gavin,2026-08-07T18:37:49.707089+00:00
f6bb9e9df03719cbccf998ceb34c7d6d60d196ed,positive,,,,Gavin,2026-08-07T18:41:26.883194+00:00
650521bd8d2e5bc1cefb1f60f6ff0d8cd4444b68,undeterminable,,,,Gavin,2026-08-07T18:42:42.616484+00:00
f58592e42d5b9f63070952b2f1bc3c8279e6877d,positive,,,,Gavin,2026-08-07T18:43:07.476325+00:00
ff298fc32f0afab57a8d7904eb31237706a0ad1a,positive,,,,Gavin,2026-08-07T18:43:34.520910+00:00
8fd3ae513a10a1b8e4008fbab0ca774208f32885,positive,,,,Gavin,2026-08-07T18:44:10.771082+00:00
6ada3228ddda2bd093ae2c6e99b64a91aaa77e82,positive,,,,Gavin,2026-08-07T18:44:16.597634+00:00
bdbd400eb9982c5e71101dbeb49f1d8232f8cd4d,positive,,,,Gavin,2026-08-07T18:44:41.836356+00:00
09e2972e1468fa88a941e0247b2626a24be38282,positive,,,,Gavin,2026-08-07T18:44:54.077740+00:00
0729beabb97a7bd9e10287823fc5a69f0d600c5e,positive,,,,Gavin,2026-08-07T18:48:56.948888+00:00
6d12c182dd1de7cb3d515da61022f60d28d5414f,positive,,,,Gavin,2026-08-07T18:52:20.236537+00:00
fbf323f69aaae443c274751b3acb77002d951212,positive,,,,Gavin,2026-08-07T18:53:25.887949+00:00
92fe87868373afc939da42d3b701d4c3bce45d9d,positive,,,,Gavin,2026-08-07T18:54:34.109088+00:00
6fd3278b32bde75e413369f962d1d33c8fc8d033,positive,,,,Gavin,2026-08-07T18:54:44.827779+00:00
240d314e959e20857894ebc26bd80dc2e963e094,positive,,,,Gavin,2026-08-07T18:54:53.214305+00:00
bb32498e2aea4a9d6bb59fd4def0625f30eeab2c,positive,,,,Gavin,2026-08-07T18:55:33.394773+00:00
00cb59e80487e484af2657667f9f9c98b7d0f067,positive,,,,Gavin,2026-08-07T18:56:00.907299+00:00
9bc823daf7933a1a692a2ddfbca2ab6ab61dadb5,positive,,,,Gavin,2026-08-07T18:56:23.729843+00:00
40f69833a9edf1be62cafad4d0fe729fe403480f,positive,,,,Gavin,2026-08-07T18:59:00.652261+00:00
98a266db2dc728c86e78458ad198c72f0452a33b,positive,,,,Gavin,2026-08-07T18:59:23.510067+00:00
77c4044302c050e7223e94808f5eabfbe0524251,positive,,,,Gavin,2026-08-07T18:59:35.194838+00:00
1c92959bef2c0f8f42602953fbdd5c3d78119d91,positive,,,,Gavin,2026-08-07T19:00:05.636032+00:00
3f57fe0c52ba56cd038c5bd17beee6e49700ff0f,positive,,,,Gavin,2026-08-07T19:00:21.396656+00:00
1d551825d19f6644a2ab905beede1b71f5445c76,negative,,Lumped parameter modelling,"{""close_negative_reason"": ""other""}",Gavin,2026-08-07T19:02:57.683144+00:00
a43262e042bc3ac1dffedcd3109ffe950e4de2b6,negative,,Tool no clear data or method or eval,"{""close_negative_reason"": ""other""}",Gavin,2026-08-07T19:03:50.090081+00:00
9759b9d8ab8d0627500e068a4935dbfb204ac4fe,negative,,No clear data or evluation - generic method,"{""close_negative_reason"": ""theoretical-method-only""}",Gavin,2026-08-07T19:04:48.819303+00:00
f4dc5b6c136eda146e737a11533cbf757638634b,negative,,Meta analysis,"{""close_negative_reason"": ""other""}",Gavin,2026-08-07T19:05:48.200826+00:00
3ae835672c27c2d8e13111a5351e23be1189bfd8,negative,,,"{""close_negative_reason"": ""theoretical-method-only""}",Gavin,2026-08-07T19:06:57.800428+00:00
381cd684ebfb7b6291a3f2eabe5a6e24c76b5fd7,positive,,,,Gavin,2026-08-07T19:08:29.328077+00:00
87b27929e74c9ce36d3b753c2b8d297c31b72066,positive,,,,Gavin,2026-08-07T19:09:03.990786+00:00
db522bf6dda471bf74ab8f9d41e9dc5c0d2554a6,positive,,,,Gavin,2026-08-07T19:09:21.596942+00:00
f41ec777140050c2989d1f0922777e9c02c954d8,positive,,,,Gavin,2026-08-07T19:10:28.628529+00:00
9d08681508b3944668e491a9b443819e6e8b05cd,positive,,,,Gavin,2026-08-07T19:11:42.097358+00:00
9ee9f31908d4ba9e75f3cc3141e1f3060d57017f,positive,,,,Gavin,2026-08-07T19:12:01.219686+00:00
1dcb3ddb4df64da1a1088063dd306906d3f4548b,positive,,,,Gavin,2026-08-07T19:12:12.957201+00:00
5212f8fe46536442f8d74d1d984eaaf2e382ab59,positive,,,,Gavin,2026-08-07T19:12:25.461192+00:00
337341f077df22e2e097a92750c2b9ce6c82e899,positive,,,,Gavin,2026-08-07T19:13:24.905570+00:00
9c182b272643edade89acd63d6136cc95e2e53cc,positive,,,,Gavin,2026-08-07T19:13:30.636510+00:00
b784374e5a80f6879bc97b6c6002c22689a2f533,positive,,,,Gavin,2026-08-07T19:13:41.574161+00:00
90127b0b9d9d9b47e7bb99a12836ff3663847862,positive,,,,Gavin,2026-08-07T19:13:51.081339+00:00
7c706c089b2a0b6fedb5d995f234ffbac48832b8,negative,,,"{""close_negative_reason"": ""theoretical-method-only""}",Gavin,2026-08-07T19:14:15.409805+00:00
72871fd5d75219103d7f3be9bafcb2b313ae7d23,positive,,,,Gavin,2026-08-07T19:14:27.144495+00:00
95d29c709be2d6e28384f83d36f89ecbb7a47c56,positive,,,,Gavin,2026-08-07T19:14:34.464963+00:00
d1b2248485195315e3b8bcb08fe936ad271f7bc4,negative,,binary logistic regression with forced entry,"{""close_negative_reason"": ""other""}",Gavin,2026-08-07T19:16:00.705300+00:00
5482f62ecb3ac950cf56944752f0aaf477d8c2b5,positive,,,,Gavin,2026-08-07T19:16:16.475806+00:00
cec6a08cc7d6d0870499e3098be43458b2e2fcb1,positive,,,,Gavin,2026-08-07T19:16:43.936020+00:00
6b22c4acf07f2cd2e8449b9a191656d634b6398c,positive,,,,Gavin,2026-08-07T19:18:38.043517+00:00
d6c9f2a9d3c5e1d26d2cfcb3088b951859369510,positive,,,,Gavin,2026-08-07T19:18:54.007971+00:00
ef4bbe08a1951173caa987ba62669270b27dcdc5,positive,,,,Gavin,2026-08-07T19:19:43.934943+00:00
e09049435e9f65d950e298dbdb429a0e33abeb16,positive,,,,Gavin,2026-08-07T19:23:50.432741+00:00
5c5ed049ad2a2b5bd93c95c1de7532b104d8a1d4,positive,,,,Gavin,2026-08-07T19:23:56.054430+00:00
53676c2c075b5216b8b0426afafdd29a8dbe53ac,negative,,Training material,"{""close_negative_reason"": ""other""}",Gavin,2026-08-07T19:24:20.098927+00:00
91439637fa806b48529368a6faa8fac0008f0023,positive,,,,Gavin,2026-08-07T19:24:30.411592+00:00
a629264a806f5fb48f69f59a6cc71b3d36f1e0cc,positive,,,,Gavin,2026-08-07T19:24:39.658099+00:00
c4230db0847963ba75040b6099a9dbc2201c978c,positive,,,,Gavin,2026-08-07T19:25:20.850295+00:00
830450cfcc27f2bdaa4099b36a42302ed298742c,positive,,,,Gavin,2026-08-07T19:25:27.639712+00:00
766313669e136a55ca96f77f90548696c0935566,positive,,,,Gavin,2026-08-07T19:26:13.781888+00:00
88b4e4befa3adc3bc90e62f9e82d85d9f95f4ac8,positive,,,,Gavin,2026-08-07T19:26:52.835174+00:00
9c0a3f65e789bb7c6576ed656b0319451ef60b0b,positive,,,,Gavin,2026-08-07T19:27:00.732564+00:00
a4d5a9fde8aa188b50914f5ab2b6df474572f518,positive,,,,Gavin,2026-08-07T19:27:15.355140+00:00
aa8e208f5e07cfbafe815942b7bf01accac173eb,positive,,,,Gavin,2026-08-07T19:27:52.430989+00:00
39d0bc339e09311a48ce8f3df1761359656ef7ef,positive,,,,Gavin,2026-08-07T19:28:00.977788+00:00
c9c26a286ba599b548984f72cdbbdc5040a1bf1c,positive,,,,Gavin,2026-08-07T19:38:47.154712+00:00
8753b7ef9c8d6d5ffd718c2f71ff0893a20a114f,positive,,,,Gavin,2026-08-07T19:38:56.825999+00:00
9d92efb874a9399d9bfd2ac404a8b987fa6f7dd3,positive,,,,Gavin,2026-08-07T19:39:30.460425+00:00
e4d96cd32de028dcf3cf4997cca43d40656150bd,positive,,,,Gavin,2026-08-07T19:39:52.007726+00:00
2f1d69d0582cc9d683ef49cf544029bac91317ef,positive,,,,Gavin,2026-08-07T19:40:09.642993+00:00
8d47ea1e175017726ab35119eef4a9ffb822b242,positive,,,,Gavin,2026-08-07T19:40:16.959848+00:00
37fad95da693ae0fb1de26df40a4bd77e33ca915,positive,,partial least-square (PLS) regression,,Gavin,2026-08-07T19:41:19.080844+00:00
9637ad5f17219deec22246b2e77c2e5132a74717,positive,,,,Gavin,2026-08-07T19:41:45.318162+00:00
64d661e7ec673eb0cb870b97fc2ad1ba5ff9f63f,negative,,Traditional stats,"{""close_negative_reason"": ""other""}",Gavin,2026-08-07T19:42:44.198428+00:00
b3a8ae4934a9d2477bd4d898eda19cee2f766ef0,positive,,,,Gavin,2026-08-07T19:43:39.898913+00:00
6c1c763ba8446ed1efb7cdfefe2e458cf16d5d84,negative,,Uses general purpose ML tool - not actual ML method itself or concerned with data,"{""close_negative_reason"": ""other""}",Gavin,2026-08-07T19:50:58.512723+00:00
99c2dee1829999eba3b703074a5b2b9f6d2a83a4,positive,,,,Gavin,2026-08-07T19:51:50.508261+00:00
c922c8c2d478f2279e55817c2f92c3106ba2f153,positive,,,,Gavin,2026-08-07T19:52:03.290260+00:00
81b038491db87455f9d0ffb862d21b955dc39d57,positive,,,,Gavin,2026-08-07T19:53:04.938649+00:00
703e594f6256de66f48225fa599892f262120453,positive,,,,Gavin,2026-08-07T19:54:23.987640+00:00
d79fcea15800e4a10001b781812caf592e076474,positive,,,,Gavin,2026-08-07T19:54:46.380058+00:00
c5f0a558bc0dfda31ae7081617c8d930327528e0,positive,,,,Gavin,2026-08-07T19:55:27.551087+00:00
c22b4ff01b74cadc82468526cafbd0fe057e2ad8,negative,,,"{""close_negative_reason"": ""review-mentions-ml-only""}",Gavin,2026-08-07T19:56:00.502989+00:00
7877c2faea8b8d07496811a841ef8a2222ee98d5,negative,,,,Gavin,2026-08-07T19:56:55.410003+00:00
7877c2faea8b8d07496811a841ef8a2222ee98d5,negative,,,"{""close_negative_reason"": ""review-mentions-ml-only""}",Gavin,2026-08-07T19:57:55.003263+00:00
c56d4b7b7f685243ce9924f34025f5681f194068,positive,,,,Gavin,2026-08-07T19:58:37.821328+00:00
89f76c0da4dce60fafedc2da65764f789918ae13,negative,,mixed-effects logistic model,,Gavin,2026-08-07T20:10:39.736540+00:00
d32702244ef83b2252c203a6a80a88245d5ddab8,positive,,,,Gavin,2026-08-07T20:13:20.651320+00:00
2b0abe7e1bf0f0cc65390bd25ffeb7a3bbe6350f,positive,,Very odd descirptor for raidomics conflated with AI,,Gavin,2026-08-07T20:15:22.684499+00:00
e88fa94848b297c3ff9831eb5c47906afc2aebd4,positive,,,,Gavin,2026-08-07T20:17:23.204060+00:00
685ec3bbdaf0a8f5aed59cf6987518c26fc46cc8,skipped,,General purpose ML tool- not a targetted approach,,Gavin,2026-08-07T20:18:22.620704+00:00
a722b2bf875afc955ec4d69a44641f63b761b082,positive,,,,Gavin,2026-08-07T20:18:36.273864+00:00
d141168e841e7bec26440be26447de1b9383d901,positive,,,,Gavin,2026-08-07T20:20:39.434837+00:00
b732d3a8629f562c7d2bec803a7031e654fa8217,negative,,COmpares existing MLclassifiers,,Gavin,2026-08-07T20:25:10.237760+00:00
b732d3a8629f562c7d2bec803a7031e654fa8217,positive,,Compares existing ML methods,,Gavin,2026-08-07T20:25:29.542173+00:00
fc598fe3b391fb0db455d6df27d2f158c6287c66,positive,,,,Gavin,2026-08-07T20:27:04.536829+00:00
d2c26bfb48a1b945ed771e61acbe3768e8888ccc,positive,,,,Gavin,2026-08-07T20:28:41.055899+00:00
2ffd0a026a2b3c40cc3885512fde2e28f8745dd0,positive,,,,Gavin,2026-08-07T20:28:46.710905+00:00
409f9f5967265c95410634916406df78219579ea,positive,,,,Gavin,2026-08-07T20:29:29.495114+00:00
2078343164020ac52723334c58fa1f8ad72ac640,negative,,General purpose AI/ML tool platform,"{""close_negative_reason"": ""other""}",Gavin,2026-08-07T20:31:01.462458+00:00
8d3ae106a872c405c49c13e3e71983f02871a4a1,positive,,,,Gavin,2026-08-07T20:31:27.635331+00:00
2ef5ae565035a8e67a59486d2b637ddcea931e8a,positive,,,,Gavin,2026-08-08T09:07:17.661507+00:00
3d71475054e01f57a195612e6fedd264db7d583a,positive,,,,Gavin,2026-08-08T09:07:26.374961+00:00
f361e93d6a07de157c16500321ce55e17a1e5e50,positive,,,,Gavin,2026-08-08T09:12:05.328747+00:00
650f825af9bb85d2c0c1be445b51e72522b0c6e3,positive,,,,Gavin,2026-08-08T09:12:22.121536+00:00
4ad425072f43e485d8269103e10e0e21263481c3,positive,,,,Gavin,2026-08-08T09:29:07.106274+00:00
20c5f6f34d5e83beae3861a3ff86fbb7db441827,positive,,,,Gavin,2026-08-08T09:31:55.980409+00:00
09a583c8aad10fc65fab0bb2196a347d70210fe8,positive,,,,Gavin,2026-08-08T09:33:18.460336+00:00
fa61485d620cd54fcfab00572a979e0697b10c40,positive,,,,Gavin,2026-08-08T09:34:34.038811+00:00
63753a5f31d82d95ba292308e5a0ec498468d288,positive,,,,Gavin,2026-08-08T09:36:32.479207+00:00
01bfc09f67bab101ed0fca91c550896ac5283b44,positive,,,,Gavin,2026-08-08T09:39:54.425188+00:00
2f42fcd2e28e99392a6a2b1a74d174c7543f8f5f,negative,,Systematic review,"{""close_negative_reason"": ""other""}",Gavin,2026-08-08T09:42:01.606866+00:00
f3c9f7510f666640f1b78ee7662a031a8d5dfa18,positive,,LASSO despite stats statement,,Gavin,2026-08-08T09:42:58.591277+00:00
0b33786e8f1a36adc56c059bd188fa38efeb1bd9,positive,,,,Gavin,2026-08-08T09:55:22.538003+00:00
fe9eba33cb32818be16dd1b509ea16f08938aa0b,positive,,,,Gavin,2026-08-08T09:55:47.236285+00:00
9beda3b6a9ab2c486d587340288c774950e4c14b,positive,,,,Gavin,2026-08-08T09:56:04.037229+00:00
4ad83ce78d938cd02419602e1563eeeee65ce4f6,positive,,,,Gavin,2026-08-08T09:57:56.047188+00:00
386fdddbe9561cfe0c8d34f7ee6c79e4a1b50acc,positive,,,,Gavin,2026-08-08T09:59:27.792143+00:00
17f59869b7c3c121428056a35ec530d4bad71dcc,negative,,Meta comparison of existing tools,"{""close_negative_reason"": ""other""}",Gavin,2026-08-08T10:07:37.425944+00:00
f3c8cd45037aaee7a92567dda07765a48694947e,negative,,Medical score predictor - no clear ai/ml,"{""close_negative_reason"": ""other""}",Gavin,2026-08-08T10:09:15.527762+00:00
f1dc817906faf8b56712980362ebfcd5f91169ae,positive,,,,Gavin,2026-08-08T10:09:37.516379+00:00
36774d4f259f6f2138f2cac778582a2f349b9e7b,positive,,,,Gavin,2026-08-08T10:10:10.621614+00:00
b2aa52d66131f05cfc4651cdd9daf2da214c6ddc,positive,,,,Gavin,2026-08-08T10:10:25.625499+00:00
ae48eabe679eaed92482a4d291da7bea7905a90a,positive,,,,Gavin,2026-08-08T10:12:37.712457+00:00
c9a7969972c247644345a930c8f5d9fc7ec80de2,positive,,,,Gavin,2026-08-08T10:14:30.716982+00:00
9798645e82a3f9332a6487ebc9353be485a517e8,negative,,"Not ML - traditional stats: mann-whitney, etc","{""close_negative_reason"": ""other""}",Gavin,2026-08-08T10:16:16.087861+00:00
e9dcd3267ea6a7171016ce3ffa138971b624cf7f,positive,,,,Gavin,2026-08-08T10:16:23.033326+00:00
e11ad7fe3ff6036df9cc705855bd1e01e4e9bdcd,positive,,,,Gavin,2026-08-08T10:19:15.103655+00:00
d4037a216a013a483d35864faf486c11b8e00d63,positive,,,,Gavin,2026-08-08T10:19:59.308762+00:00
a983ba7bcb1b5588f4aedcdc64ab8d10b936428a,positive,,,,Gavin,2026-08-08T12:01:48.268640+00:00
ac962e27964b1a8fbefa3dd32fb483eeaa5b8841,positive,,,,Gavin,2026-08-08T12:01:59.394336+00:00
7dfe116a343525ac09e46156f4635921a65c5128,positive,,,,Gavin,2026-08-08T12:02:17.794435+00:00
7dfe116a343525ac09e46156f4635921a65c5128,positive,,,,Gavin,2026-08-08T12:02:32.212460+00:00
7cf819c70c04cdb2193ee94477712e9629be96c9,positive,,,,Gavin,2026-08-08T12:02:50.747893+00:00
efb4d8268076f3b99b39500139900a1ec1d3b6dc,positive,,,,Gavin,2026-08-08T12:03:42.046989+00:00
2267155eeabd2c9cb9b32dab2653f7d930d41d10,positive,,,,Gavin,2026-08-08T12:03:53.159626+00:00
378c438761a816204fe542f66174e29d30cf6a2d,positive,,,,Gavin,2026-08-08T12:04:27.082710+00:00
dba2971e082b0fc918973192c5c5a6a26aa5a553,positive,,Theoretical method vs applied to problem but dataset and validation - positive,,Gavin,2026-08-08T12:06:53.945448+00:00
3a2804713a83d01fdbdf35c60edf9984f3697acf,positive,,,,Gavin,2026-08-08T12:07:21.505107+00:00
a05a1250d37ab30a3f1c9dfb1a29205148c32d73,positive,,,,Gavin,2026-08-08T12:11:03.476738+00:00
cc2e1fe0438978212517a39d1af4c8c1bda8d43e,positive,,,,Gavin,2026-08-08T12:18:50.951365+00:00
a8a504bd93878ebfbec167467f283356ed71bfe0,positive,,,,Gavin,2026-08-08T12:25:59.930648+00:00
ac2182bacc03facccbe7ead065298955faa59669,negative,,"Digital tool - no indication of data, specific modelling , etc - maybe via use cases but stick to general purpose modelling tooling as negative","{""close_negative_reason"": ""other""}",Gavin,2026-08-08T12:28:18.530939+00:00
96a98c418eb25aaa93d8c2126f5c5114715ede12,positive,,,,Gavin,2026-08-08T12:32:04.848791+00:00
3c6b8a33faea0754bbcbc454c05855cd4c228962,positive,,,,Gavin,2026-08-08T12:32:14.387162+00:00
319faacb802480741faf511da76a4714838c9213,positive,,,,Gavin,2026-08-08T12:32:55.831138+00:00
682fb79f6ffb8d2d99b348841f3c76c8e34e7dbf,positive,,,,Gavin,2026-08-08T12:33:05.141992+00:00
a4795b11c9e784aaf2c39ddb331de96806c7b8dc,positive,,,,Gavin,2026-08-08T12:33:17.673750+00:00
51700ca2d9c359552ca872387b538ca7d1752f4d,positive,,,,Gavin,2026-08-08T12:40:23.416536+00:00
ba7db308e5647c163764e7026adf22320b0b2270,positive,,,,Gavin,2026-08-08T12:40:38.205901+00:00
57ed6edbf659d086307c3f03789601f36d4bdbda,positive,,,,Gavin,2026-08-08T12:40:59.215000+00:00
7cec671ea35ee9bdc28fd0a5b2a1fef9b0ed2538,positive,,,,Gavin,2026-08-08T12:41:50.880505+00:00
c5ca909200c27244a14864c264306d67cca36749,positive,,,,Gavin,2026-08-08T12:42:00.051127+00:00
63372c9199d7a5ea55f5a6c56ad0f1e4d5bf033d,positive,,,,Gavin,2026-08-08T12:44:03.699024+00:00
2fbf52dc9e8e2200d0fa46e38791324c2192e989,positive,,,,Gavin,2026-08-08T12:45:14.632826+00:00
d0c86b7f0353e259fd39511881199b70543b6799,positive,,,,Gavin,2026-08-08T12:45:45.507173+00:00
0b09aabe3ecde679d82a05678b1170ad4aff953f,positive,,,,Gavin,2026-08-08T12:45:52.920484+00:00
b70eb3c3f2a15c18a2785b816bc611fc802dabc6,positive,,,,Gavin,2026-08-08T12:46:30.439943+00:00
2634a174bfb4d0ac99234aae55905c66a79379c5,positive,,,,Gavin,2026-08-08T12:53:41.088950+00:00
06bb61299ae28fac78281f7dc31e8246ee285d21,positive,,,,Gavin,2026-08-08T12:53:47.591623+00:00
7abd7d3a2dcba37d21ef2c0f6314e548fd7e0ba9,positive,,,,Gavin,2026-08-08T12:53:54.047317+00:00
ce86335d0ad0ab23d154998d7c2e183d9eef0d9b,negative,,Systematic review,,Gavin,2026-08-08T12:54:45.136836+00:00
15cee3d67a5b6f271933ae9d321ffea8214555ca,positive,,,,Gavin,2026-08-08T12:54:53.522962+00:00
66eaf77707c3f14353042abbb0439c51fb9a583d,positive,,,,Gavin,2026-08-08T12:54:56.695455+00:00
1fb6eb656bc138b7254eed923daa6a281a9b31ba,positive,,,,Gavin,2026-08-08T12:57:46.321177+00:00
0fb3279c4153ac55153f6e38b00f01cf7e96c272,positive,,,,Gavin,2026-08-08T12:58:04.095181+00:00
be2201a57342aa0a9dd426c442a8643f8fccaca4,positive,,,,Gavin,2026-08-08T12:58:11.574821+00:00
536fbc552f408ba79ae9eb79e28cf43faa004554,positive,,,,Gavin,2026-08-08T12:58:17.394344+00:00
71e1a1a28220da0fdd82e6f515bdaa84d9e35169,positive,,,,Gavin,2026-08-08T12:58:27.346288+00:00
5614d2dfb5f3ffbf1a393cf4cae7c53f8612296b,positive,,,,Gavin,2026-08-08T12:58:40.237691+00:00
d09999d32985caeb81bfb8f534e14954bc1ca0a1,positive,,,,Gavin,2026-08-08T13:00:07.249579+00:00
e03d6805089f09e93a8ef05525aca7abc0534b08,positive,,,,Gavin,2026-08-08T13:00:17.470353+00:00
61eb6acc49b38f2fc1559f1bc505f63058344902,positive,,,,Gavin,2026-08-08T13:00:28.614502+00:00
5cb3024374e45026b814a3acbd560e8ec6e179b4,positive,,,,Gavin,2026-08-08T13:03:50.861336+00:00
a09d3895f086f0ea1a885347d9356f692351c398,negative,,,,Gavin,2026-08-08T13:05:12.083667+00:00
1c2040833c73db734b66fbbd88bab0f18e50e18d,positive,,,,Gavin,2026-08-08T13:06:41.324857+00:00
7f3740c6003db64fbdfbc568020d140c4b386485,negative,,,,Gavin,2026-08-08T13:07:41.305837+00:00
1514b57b53fe3fe139a45acbf148b6b5173ea884,negative,,,,Gavin,2026-08-08T13:08:32.519754+00:00
9600c31213350c42539c7f779c4c04e8f0294db3,negative,,,,Gavin,2026-08-08T13:09:23.901080+00:00
66e8881c7275be1ad89eee6c5329e8eea39ad7c1,negative,,,,Gavin,2026-08-08T13:10:06.396388+00:00
a4d3f8116b50736e86084ce16fd8ff01d58b2abb,negative,,,,Gavin,2026-08-08T13:10:17.345577+00:00
439da3ae5a4f0053e023a345d79ca78d9c619a80,negative,,Chatbot observational - not relevant ai/ml,"{""close_negative_reason"": ""other""}",Gavin,2026-08-08T13:21:42.931534+00:00
c046edf258b8c882b6c051a49fa30f12f781beb2,negative,,,,Gavin,2026-08-08T13:23:06.870518+00:00
15d0499211634c362daa26c9f264903a0968f3f4,negative,,conversational agent - pre LLMs era 2013,,Gavin,2026-08-08T13:23:47.643169+00:00
1d1d3bab2eb14f2dc4fee03b83585d5cd26a2e3b,negative,,,,Gavin,2026-08-08T13:23:57.455566+00:00
84e3fb08477ed5efcef1bc3d5d3d182303c0b2fa,negative,,,,Gavin,2026-08-08T13:24:15.415239+00:00
6372949d947fad9f98c1a53167b6a65fa0cecb51,negative,,,,Gavin,2026-08-08T13:24:35.772333+00:00
a61ffd637abbb7c8e010a15872dcb601d6a82c08,negative,,,,Gavin,2026-08-08T13:25:11.040847+00:00
c78dd81a15a9668b6562151f0d960cba08ff8144,negative,,,,Gavin,2026-08-08T13:25:19.868391+00:00
b74fcb4381a6725eeba26c4af0c0b06f346730df,negative,,,,Gavin,2026-08-08T13:25:26.723381+00:00
43220f828ae6abd6e4b92db9c587ff80666d6297,negative,,,,Gavin,2026-08-08T13:26:53.034190+00:00
43ae4e0122b94daa378f489e7f2ab439dd2f1841,negative,,,,Gavin,2026-08-08T13:27:00.803134+00:00
9e9a20fac772d478c1f46a0e4656e925bc35486e,negative,,,,Gavin,2026-08-08T13:27:08.910468+00:00
48d6ec719c47584f7c290067abb54b324d8448c6,negative,,,,Gavin,2026-08-08T13:27:19.215207+00:00
c804027b53eb8c17ca792db68f101aaf17000b94,negative,,,,Gavin,2026-08-08T13:27:22.012197+00:00
e4dd8486d63a2315eebdd4124b32e82a4511e24f,negative,,,,Gavin,2026-08-08T13:27:36.520275+00:00
fc192290eeeee59ac2b0f67d368c1c307453a4c6,negative,,,,Gavin,2026-08-08T13:27:41.600486+00:00
4ce7fa08774ae502454f8082c3e4d114f777f339,negative,,,,Gavin,2026-08-08T13:27:58.192266+00:00
22bc71e4b04961ebe8ef951555d70c3816bf3b92,negative,,,,Gavin,2026-08-08T13:28:00.963507+00:00
f8856091789b45b085cbac11fe2f29b3bb49bb44,negative,,,,Gavin,2026-08-08T13:28:11.731095+00:00
3b55352bc593f54ccfa039177212bed4b951fb18,negative,,,,Gavin,2026-08-08T16:19:01.474925+00:00
3fcda3a1e36be0a3808a4b9a55c87fa0bc2f0ded,negative,,,,Gavin,2026-08-08T16:19:37.761248+00:00
28497c2b2f801cbe5ac6c459b03b6545320b5ae4,negative,,,,Gavin,2026-08-08T16:19:56.344995+00:00
0b2c46f537d5fce6a4b5eb4a018116d3d173e7ab,negative,,,,Gavin,2026-08-08T16:20:14.534226+00:00
05e0f1341bc7ab3ce80c44fe9255191537e9a456,negative,,,,Gavin,2026-08-08T16:20:27.369650+00:00
94c737526cfdf20fa435a1fb7334721573080e8a,negative,,,,Gavin,2026-08-08T16:20:48.386491+00:00
d51a9218ff0c9bc3a9c99526aba1c929b54c111f,negative,,,,Gavin,2026-08-08T16:20:56.836230+00:00
297bad90bb3f06b8658c68c1ceb48bfb4a9588f0,negative,,,,Gavin,2026-08-08T16:21:47.903935+00:00
f0177e261390866308ba38874e5baa0739beb08a,negative,,,,Gavin,2026-08-08T16:21:57.460043+00:00
4dfd8cb7a8fbae07cf7ff1d1acbc10b7da5a9737,negative,,,,Gavin,2026-08-08T16:22:02.943719+00:00
f26af8c03606b2ffa0de5ba6d8ab2205e4060f4b,negative,,,,Gavin,2026-08-08T16:22:06.144329+00:00
47c1e00e77b23f17610975c49887ba0e9d07fe29,negative,,,,Gavin,2026-08-08T16:22:09.116637+00:00
e6bec79fc6903102ad1c728f6d42a05cfa57b867,negative,,,,Gavin,2026-08-08T16:22:21.528753+00:00
423fc84e747fadff50ec52766fe3af81dda1068b,negative,,,,Gavin,2026-08-08T16:23:02.404884+00:00
4d61daa3ffc43d9befbb90cf7d0bbaff1e910a5c,negative,,,,Gavin,2026-08-08T16:23:04.764837+00:00
accaa256a96ecd5e30b12e91a2fc76594aaaf326,negative,,,,Gavin,2026-08-08T16:23:23.236370+00:00
74b3cfa024b97fdd32e477a201763c87d4405a58,negative,,,,Gavin,2026-08-08T16:23:36.301050+00:00
de668bfda8b32d6e3331c23da874e482d28a9316,negative,,,,Gavin,2026-08-08T16:23:46.769226+00:00
481f6a9355dbccecff0334a86fd4416fe22ea406,negative,,,,Gavin,2026-08-08T16:23:55.595548+00:00
16f19cc002f2e0774f9492ab6f20108b0b6fb026,negative,,,,Gavin,2026-08-08T16:24:29.341803+00:00
ec2248e5ac0d9c255ad90ac516052ba176a369b8,positive,,SVM in use in main paper - abstract and title low chance but clear in paper,,Gavin,2026-08-08T16:26:03.437993+00:00
19d676219f1ace19010b5c5be6e38b3ce601acab,negative,,,,Gavin,2026-08-08T16:26:12.028897+00:00
76b2da718b7889e4be5bcebbe54b00a5e5d071e5,negative,,,,Gavin,2026-08-08T16:26:17.323453+00:00
5a527f94e3acf3b1042a41e298071976b5953344,negative,,,,Gavin,2026-08-08T16:27:00.149437+00:00
22b0c4032ed64a2733accb8a437624d85a0c1d6b,negative,,,,Gavin,2026-08-08T16:27:14.182917+00:00
f58b4e1305e9ff2815b6970c4edb16276c068b85,positive,,Random forest - missing abstract false neg,,Gavin,2026-08-08T16:28:37.566496+00:00
8654b69ed06cde82d5163270828a74945ce15c90,negative,,,,Gavin,2026-08-08T16:29:26.873992+00:00
e52a0ae30616ae415d90512a552250744c27e511,negative,,,,Gavin,2026-08-08T16:29:31.204083+00:00
afce68b38674b62eb8cf9840a880f90b907507e3,negative,,,,Gavin,2026-08-08T16:29:51.140776+00:00
